{
  "bones": [
    {
      "mixamorigHips": {
        "rotation": {
          "x": -0.2474651039912736,
          "y": 1.3860146143462673,
          "z": 0.23671207260558877
        }
      },
      "mixamorigSpine": {
        "rotation": {
          "x": -0.160016621838001,
          "y": -0.3048877526640889,
          "z": 0.026085504084278215
        }
      },
      "mixamorigSpine1": {
        "rotation": {
          "x": 0.18066252517649123,
          "y": 0.017820719567258322,
          "z": -0.0525585946346581
        }
      },
      "mixamorigSpine2": {
        "rotation": {
          "x": -0.08641487593942011,
          "y": 0.09476402014727973,
          "z": -0.16210483454593247
        }
      },
      "mixamorigNeck": {
        "rotation": {
          "x": 0.30145446999297687,
          "y": -0.32334206210332067,
          "z": 0.0006137152090784633
        }
      },
      "mixamorigHead": {
        "rotation": {
          "x": 0.014409592761811184,
          "y": 0.538793817975064,
          "z": 0.161141091692731
        }
      },
      "mixamorigNoseOP": {
        "rotation": {
          "x": 2.3706104755401753,
          "y": -2.3804866843389083e-7,
          "z": 1.5011463805991912e-10
        }
      },
      "mixamorigNose1OP": {
        "rotation": {
          "x": -1.4926000886558428,
          "y": -1.006346899729502,
          "z": 1.1728458020068069
        }
      },
      "mixamorigLeftEyeOP": {
        "rotation": {
          "x": -0.17712917065608635,
          "y": -0.04331723466526085,
          "z": -1.5901199761918055
        }
      },
      "mixamorigLeftEarOP": {
        "rotation": {
          "x": -0.3505125596870527,
          "y": -0.04581142315345588,
          "z": 0.2573223745395902
        }
      },
      "mixamorigNose2OP": {
        "rotation": {
          "x": -1.4851481142277574,
          "y": 0.9862403807255726,
          "z": -1.1842511301415322
        }
      },
      "mixamorigRightEyeOP": {
        "rotation": {
          "x": -0.17664782302658175,
          "y": 0.04824243028977985,
          "z": 1.5975645620658152
        }
      },
      "mixamorigRightEarOP": {
        "rotation": {
          "x": -0.3466578062731187,
          "y": 0.046102025690745,
          "z": -0.26185106378959055
        }
      },
      "mixamorigLeftShoulder": {
        "rotation": {
          "x": 1.5832240865285674,
          "y": -0.6127443627486564,
          "z": -1.4936284459723281
        }
      },
      "mixamorigLeftArm": {
        "rotation": {
          "x": 0.7146354991364792,
          "y": 0.08221234559779413,
          "z": 1.1684506582356746
        }
      },
      "mixamorigLeftForeArm": {
        "rotation": {
          "x": 0.6111331910842093,
          "y": -0.49268741936347926,
          "z": 0.6859741708429156
        }
      },
      "mixamorigLeftHand": {
        "rotation": {
          "x": -0.2636667682271237,
          "y": -0.3115357918357582,
          "z": 0.07747647808262753
        }
      },
      "mixamorigLeftHandThumb1": {
        "rotation": {
          "x": 0.5975814993861108,
          "y": 0.4086573878983566,
          "z": 1.0296679759448417
        }
      },
      "mixamorigLeftHandThumb2": {
        "rotation": {
          "x": 0.06954564983156802,
          "y": 0.785380849931376,
          "z": -0.3598794794594285
        }
      },
      "mixamorigLeftHandThumb3": {
        "rotation": {
          "x": -0.07989756253142051,
          "y": -0.08857757590575772,
          "z": -0.7057379230050125
        }
      },
      "mixamorigLeftHandThumb4": {
        "rotation": {
          "x": -0.0000011250375172544793,
          "y": 5.671751315152281e-7,
          "z": 3.317839642397095e-7
        }
      },
      "mixamorigLeftHandIndex1": {
        "rotation": {
          "x": 0.17595521849451543,
          "y": 0.19241978197291107,
          "z": 0.29807182638753643
        }
      },
      "mixamorigLeftHandIndex2": {
        "rotation": {
          "x": 0.7359173581855463,
          "y": -0.19019626959032893,
          "z": -0.22913984806850227
        }
      },
      "mixamorigLeftHandIndex3": {
        "rotation": {
          "x": 0.7573583798959116,
          "y": -0.009365636103185488,
          "z": -0.010964106905050402
        }
      },
      "mixamorigLeftHandIndex4": {
        "rotation": {
          "x": 2.508614329145519e-7,
          "y": -4.004865445501964e-8,
          "z": -1.1332393365599815e-9
        }
      },
      "mixamorigLeftHandMiddle1": {
        "rotation": {
          "x": 0.31438604139431314,
          "y": 0.06406976896920054,
          "z": 0.09329190853955635
        }
      },
      "mixamorigLeftHandMiddle2": {
        "rotation": {
          "x": 0.8341394457793601,
          "y": -0.0422484444980755,
          "z": -0.06663644184958353
        }
      },
      "mixamorigLeftHandMiddle3": {
        "rotation": {
          "x": 0.6018057389152385,
          "y": 0.03775224267244716,
          "z": 0.07708745238263756
        }
      },
      "mixamorigLeftHandMiddle4": {
        "rotation": {
          "x": 5.046178906318073e-7,
          "y": -1.2755367541032983e-7,
          "z": -8.318572455799961e-8
        }
      },
      "mixamorigLeftHandRing1": {
        "rotation": {
          "x": 0.5077493531779818,
          "y": 0.004139585668240275,
          "z": -0.012090685075727432
        }
      },
      "mixamorigLeftHandRing2": {
        "rotation": {
          "x": 0.8566964802237231,
          "y": -0.04380107198777603,
          "z": -0.06321522664578609
        }
      },
      "mixamorigLeftHandRing3": {
        "rotation": {
          "x": 0.7969325777997581,
          "y": -0.010364067689713083,
          "z": -0.011157713356305696
        }
      },
      "mixamorigLeftHandRing4": {
        "rotation": {
          "x": 1.8906898220350187e-8,
          "y": -7.878662288261937e-7,
          "z": -8.286432226862188e-7
        }
      },
      "mixamorigLeftHandPinky1": {
        "rotation": {
          "x": 0.42421818209425877,
          "y": -0.02982742354690135,
          "z": 0.005519109096630607
        }
      },
      "mixamorigLeftHandPinky2": {
        "rotation": {
          "x": 1.0157802645105114,
          "y": -0.048921254847681866,
          "z": -0.04628505581474843
        }
      },
      "mixamorigLeftHandPinky3": {
        "rotation": {
          "x": 1.2494877308232168,
          "y": -0.015898192392311036,
          "z": -0.0061791378245374656
        }
      },
      "mixamorigLeftHandPinky4": {
        "rotation": {
          "x": -3.7128938173318843e-9,
          "y": -2.514434512232957e-7,
          "z": -4.0463788857457174e-7
        }
      },
      "mixamorigLeftHand_IKTarget": {
        "rotation": {
          "x": -0.00031453700318188654,
          "y": -1.4212271198847213,
          "z": -1.2998388707069974
        }
      },
      "mixamorigLeftForeArm_IKTarget": {
        "rotation": {
          "x": -0.00031480501771257184,
          "y": -1.4212271309789057,
          "z": -1.2998388707304254
        }
      },
      "mixamorigRightShoulder": {
        "rotation": {
          "x": 1.6233638900800744,
          "y": 0.22386889906093674,
          "z": 1.1570054897220423
        }
      },
      "mixamorigRightArm": {
        "rotation": {
          "x": 0.11713424473123893,
          "y": -0.309268849091656,
          "z": -1.212872126176031
        }
      },
      "mixamorigRightForeArm": {
        "rotation": {
          "x": -0.19966499589906087,
          "y": 0.6756783111637424,
          "z": -0.5743884546737197
        }
      },
      "mixamorigRightHand": {
        "rotation": {
          "x": 0.06229720164541298,
          "y": 0.9118016308137127,
          "z": 0.18853104478046812
        }
      },
      "mixamorigRightHandThumb1": {
        "rotation": {
          "x": 1.1642709480705826,
          "y": -0.3441646031203948,