{
  "bones": [
    {
      "mixamorigHips": {
        "rotation": {
          "x": 0.010587305710956134,
          "y": -0.07398820235349571,
          "z": -0.04425932388210345
        }
      },
      "mixamorigSpine": {
        "rotation": {
          "x": -0.08638441217233236,
          "y": 0.020467822500745272,
          "z": 0.04508917211195347
        }
      },
      "mixamorigSpine1": {
        "rotation": {
          "x": -0.12414773235713175,
          "y": -0.0188183085613008,
          "z": 0.002613731626817882
        }
      },
      "mixamorigSpine2": {
        "rotation": {
          "x": 0.019616249903512583,
          "y": 0.0025466658831075823,
          "z": 0.027580116014954283
        }
      },
      "mixamorigNeck": {
        "rotation": {
          "x": 0.11925498394320516,
          "y": -0.03463219280060735,
          "z": -0.0800240737313946
        }
      },
      "mixamorigHead": {
        "rotation": {
          "x": 0.2837476659101186,
          "y": -1.0542195195879862,
          "z": 0.20894615071597278
        }
      },
      "mixamorigNoseOP": {
        "rotation": {
          "x": 2.3706104755401753,
          "y": 2.3804866843389083e-7,
          "z": -1.5011463805991912e-10
        }
      },
      "mixamorigNose1OP": {
        "rotation": {
          "x": -1.4926000886558428,
          "y": 1.006346899729502,
          "z": -1.1728458020068069
        }
      },
      "mixamorigLeftEyeOP": {
        "rotation": {
          "x": -0.17664782302658175,
          "y": -0.04824243028977985,
          "z": -1.5975645620658152
        }
      },
      "mixamorigLeftEarOP": {
        "rotation": {
          "x": -0.3466578062731187,
          "y": -0.046102025690745,
          "z": 0.26185106378959055
        }
      },
      "mixamorigNose2OP": {
        "rotation": {
          "x": -1.4851481142277574,
          "y": -0.9862403807255726,
          "z": 1.1842511301415322
        }
      },
      "mixamorigRightEyeOP": {
        "rotation": {
          "x": -0.17712917065608635,
          "y": 0.04331723466526085,
          "z": 1.5901199761918055
        }
      },
      "mixamorigRightEarOP": {
        "rotation": {
          "x": -0.3505125596870527,
          "y": 0.04581142315345588,
          "z": -0.2573223745395902
        }
      },
      "mixamorigLeftShoulder": {
        "rotation": {
          "x": 1.6881215424816016,
          "y": -0.28799286883577885,
          "z": -1.404816896134117
        }
      },
      "mixamorigLeftArm": {
        "rotation": {
          "x": -0.11262845140709891,
          "y": 0.5488795631107511,
          "z": -0.32873289348655904
        }
      },
      "mixamorigLeftForeArm": {
        "rotation": {
          "x": -0.021302074430234647,
          "y": -1.5288830784002823,
          "z": -0.017258691535970642
        }
      },
      "mixamorigLeftHand": {
        "rotation": {
          "x": 0.2926881533899728,
          "y": -0.40043557312477,
          "z": 0.2400632423535496
        }
      },
      "mixamorigLeftHandThumb1": {
        "rotation": {
          "x": 1.258891881814198,
          "y": 0.2591591837971399,
          "z": 0.6257364680829105
        }
      },
      "mixamorigLeftHandThumb2": {
        "rotation": {
          "x": -0.5537003644129455,
          "y": 0.5041555245390869,
          "z": -0.26684709514529326
        }
      },
      "mixamorigLeftHandThumb3": {
        "rotation": {
          "x": -0.42827655576884743,
          "y": 0.3197908669626949,
          "z": -0.6547645067679017
        }
      },
      "mixamorigLeftHandThumb4": {
        "rotation": {
          "x": 6.332992590063439e-8,
          "y": 4.097818549764346e-8,
          "z": -1.2293458244438877e-7
        }
      },
      "mixamorigLeftHandIndex1": {
        "rotation": {
          "x": 0.14312680842761,
          "y": 0.1185062004517505,
          "z": 0.3334147802859284
        }
      },
      "mixamorigLeftHandIndex2": {
        "rotation": {
          "x": 0.6986123463193562,
          "y": -0.34970680248075486,
          "z": -0.01304208660550821
        }
      },
      "mixamorigLeftHandIndex3": {
        "rotation": {
          "x": 1.802295446155726,
          "y": 0.013565919708663254,
          "z": -0.0067845772495692255
        }
      },
      "mixamorigLeftHandIndex4": {
        "rotation": {
          "x": 2.4829191971345083e-10,
          "y": 2.9797607939840528e-8,
          "z": 1.28758905685711e-8
        }
      },
      "mixamorigLeftHandMiddle1": {
        "rotation": {
          "x": 0.8774582219877276,
          "y": -0.12396976330641873,
          "z": 0.3077682990717312
        }
      },
      "mixamorigLeftHandMiddle2": {
        "rotation": {
          "x": 1.2906318425105707,
          "y": -0.3375252446672884,
          "z": 0.07178330876776161
        }
      },
      "mixamorigLeftHandMiddle3": {
        "rotation": {
          "x": 0.9140900585622219,
          "y": 0.6163957402603697,
          "z": -0.041304661213457924
        }
      },
      "mixamorigLeftHandMiddle4": {
        "rotation": {
          "x": -1.935597739882519e-8,
          "y": 2.9791581863229186e-7,
          "z": -2.042139569229507e-8
        }
      },
      "mixamorigLeftHandRing1": {
        "rotation": {
          "x": 1.024113886121415,
          "y": -0.037045929504548825,
          "z": 0.2524262625273711
        }
      },
      "mixamorigLeftHandRing2": {
        "rotation": {
          "x": 1.0805019612936173,
          "y": -0.31742161961691373,
          "z": 0.09473525123416529
        }
      },
      "mixamorigLeftHandRing3": {
        "rotation": {
          "x": 0.7501134351360855,
          "y": -0.07529477672640714,
          "z": -0.14248408142184
        }
      },
      "mixamorigLeftHandRing4": {
        "rotation": {
          "x": -2.4899619833785718e-8,
          "y": -4.76010655280768e-7,
          "z": 1.5577705041713402e-8
        }
      },
      "mixamorigLeftHandPinky1": {
        "rotation": {
          "x": 0.5966290461923786,
          "y": -0.21883133005257177,
          "z": 0.13572979974693103
        }
      },
      "mixamorigLeftHandPinky2": {
        "rotation": {
          "x": 1.2122769220979701,
          "y": -0.0558106134165713,
          "z": -0.0010227202376332358
        }
      },
      "mixamorigLeftHandPinky3": {
        "rotation": {
          "x": 1.0952436643037866,
          "y": 0.12736550757271392,
          "z": 0.015236504270025802
        }
      },
      "mixamorigLeftHandPinky4": {
        "rotation": {
          "x": -1.564245967341897e-8,
          "y": -2.088625024117497e-7,
          "z": 4.716300208562189e-10
        }
      },
      "mixamorigLeftHand_IKTarget": {
        "rotation": {
          "x": 0.00031501627455682605,
          "y": -1.42120297086769,
          "z": -1.2992159766890181
        }
      },
      "mixamorigLeftForeArm_IKTarget": {
        "rotation": {
          "x": 0.00031501627455682605,
          "y": -1.42120297086769,
          "z": -1.2992159766890181
        }
      },
      "mixamorigRightShoulder": {
        "rotation": {
          "x": 1.6905163779434067,
          "y": 0.2528170104481234,
          "z": 1.3403469865466162
        }
      },
      "mixamorigRightArm": {
        "rotation": {
          "x": 0.05484782256097737,
          "y": -0.5031333658332341,
          "z": 0.2816829144371609
        }
      },
      "mixamorigRightForeArm": {
        "rotation": {
          "x": -1.9714807536324654,
          "y": 1.4399797129499285,
          "z": 1.7204982748886724
        }
      },
      "mixamorigRightHand": {
        "rotation": {
          "x": 0.2714857905280689,
          "y": 0.1244281840514028,
          "z": -0.07151306335675339
        }
      },
      "mixamorigRightHandThumb1": {
        "rotation": {
          "x": 1.258891881814198,
          "y": -0.2591591837971399,
          "z": -0.6257364680829105
        }
      },