{
  "bones": [
    {
      "mixamorigHips": {
        "rotation": {
          "x": -0.07748197072816784,
          "y": -0.18891002988179056,
          "z": -0.00380092300943977
        }
      },
      "mixamorigSpine": {
        "rotation": {
          "x": -0.0872349934661564,
          "y": -0.025007827225587306,
          "z": -0.08459684105042879
        }
      },
      "mixamorigSpine1": {
        "rotation": {
          "x": -0.061186860077216534,
          "y": 0.0613912559347899,
          "z": 0.03290055107503291
        }
      },
      "mixamorigSpine2": {
        "rotation": {
          "x": 0.07798723636768012,
          "y": 0.06678167795243578,
          "z": 0.026357297110479593
        }
      },
      "mixamorigNeck": {
        "rotation": {
          "x": 0.28546032266461596,
          "y": -0.30177651698618,
          "z": 0.02704226843316984
        }
      },
      "mixamorigHead": {
        "rotation": {
          "x": -0.01903427429291276,
          "y": 0.1952604181762243,
          "z": 0.09730088524895321
        }
      },
      "mixamorigNoseOP": {
        "rotation": {
          "x": 2.3706104755401753,
          "y": -2.3804866843389083e-7,
          "z": 1.5011463805991912e-10
        }
      },
      "mixamorigNose1OP": {
        "rotation": {
          "x": -1.4926000886558428,
          "y": -1.006346899729502,
          "z": 1.1728458020068069
        }
      },
      "mixamorigLeftEyeOP": {
        "rotation": {
          "x": -0.17712917065608635,
          "y": -0.04331723466526085,
          "z": -1.5901199761918055
        }
      },
      "mixamorigLeftEarOP": {
        "rotation": {
          "x": -0.3505125596870527,
          "y": -0.04581142315345588,
          "z": 0.2573223745395902
        }
      },
      "mixamorigNose2OP": {
        "rotation": {
          "x": -1.4851481142277574,
          "y": 0.9862403807255726,
          "z": -1.1842511301415322
        }
      },
      "mixamorigRightEyeOP": {
        "rotation": {
          "x": -0.17664782302658175,
          "y": 0.04824243028977985,
          "z": 1.5975645620658152
        }
      },
      "mixamorigRightEarOP": {
        "rotation": {
          "x": -0.3466578062731187,
          "y": 0.046102025690745,
          "z": -0.26185106378959055
        }
      },
      "mixamorigLeftShoulder": {
        "rotation": {
          "x": 1.5577985222881896,
          "y": -0.634804867334709,
          "z": -1.6919126615621107
        }
      },
      "mixamorigLeftArm": {
        "rotation": {
          "x": 0.6053924846247396,
          "y": 0.028417600389044406,
          "z": -0.25967554240081797
        }
      },
      "mixamorigLeftForeArm": {
        "rotation": {
          "x": -0.12308762843688684,
          "y": 0.08671978837604366,
          "z": 0.3955469777085805
        }
      },
      "mixamorigLeftHand": {
        "rotation": {
          "x": 0.15042488734289713,
          "y": -0.04501730909320779,
          "z": 0.1191069366308792
        }
      },
      "mixamorigLeftHandThumb1": {
        "rotation": {
          "x": 0.45852251183521797,
          "y": -0.2559865335504271,
          "z": 0.4482815285869922
        }
      },
      "mixamorigLeftHandThumb2": {
        "rotation": {
          "x": -0.06009960900207064,
          "y": 0.009303849214130949,
          "z": -0.3133809462538022
        }
      },
      "mixamorigLeftHandThumb3": {
        "rotation": {
          "x": -0.015576356748680928,
          "y": 0.0028908209678464524,
          "z": 0.07736492703393903
        }
      },
      "mixamorigLeftHandThumb4": {
        "rotation": {
          "x": -0.0000011250375172544793,
          "y": 5.671751315152281e-7,
          "z": 3.317839642397095e-7
        }
      },
      "mixamorigLeftHandIndex1": {
        "rotation": {
          "x": 0.06902834689738424,
          "y": -0.08370566173101436,
          "z": -0.017958480714515588
        }
      },
      "mixamorigLeftHandIndex2": {
        "rotation": {
          "x": 0.19480121171859477,
          "y": 0.013882975015263919,
          "z": -0.06784244144698577
        }
      },
      "mixamorigLeftHandIndex3": {
        "rotation": {
          "x": 0.004594654890070586,
          "y": -0.0007638525799936902,
          "z": -0.02033503640076466
        }
      },
      "mixamorigLeftHandIndex4": {
        "rotation": {
          "x": 2.508614329145519e-7,
          "y": -4.004865445501964e-8,
          "z": -1.1332393365599815e-9
        }
      },
      "mixamorigLeftHandMiddle1": {
        "rotation": {
          "x": 0.06785487226581043,
          "y": -0.15905317185246334,
          "z": -0.024866066471837277
        }
      },
      "mixamorigLeftHandMiddle2": {
        "rotation": {
          "x": 0.4753194907567828,
          "y": 0.019205922047589585,
          "z": -0.09147671653019764
        }
      },
      "mixamorigLeftHandMiddle3": {
        "rotation": {
          "x": -0.04101562107844377,
          "y": -0.00043557997092680777,
          "z": -0.006750068235856093
        }
      },
      "mixamorigLeftHandMiddle4": {
        "rotation": {
          "x": 5.046178906318073e-7,
          "y": -1.2755367541032983e-7,
          "z": -8.318572455799961e-8
        }
      },
      "mixamorigLeftHandRing1": {
        "rotation": {
          "x": 0.312650272239722,
          "y": -0.29605375579576576,
          "z": -0.014515140770774183
        }
      },
      "mixamorigLeftHandRing2": {
        "rotation": {
          "x": 0.4265192425748278,
          "y": 0.029539123722654406,
          "z": -0.09086870302552486
        }
      },
      "mixamorigLeftHandRing3": {
        "rotation": {
          "x": 0.019766353702120074,
          "y": 0.00029475906093916,
          "z": -0.0189184256184642
        }
      },
      "mixamorigLeftHandRing4": {
        "rotation": {
          "x": 1.8906898220350187e-8,
          "y": -7.878662288261937e-7,
          "z": -8.286432226862188e-7
        }
      },
      "mixamorigLeftHandPinky1": {
        "rotation": {
          "x": 0.5515099129671489,
          "y": -0.2326767058590408,
          "z": -0.00009176520750042049
        }
      },
      "mixamorigLeftHandPinky2": {
        "rotation": {
          "x": 0.16888548464471834,
          "y": 0.0345008343806785,
          "z": -0.004240302903979659
        }
      },
      "mixamorigLeftHandPinky3": {
        "rotation": {
          "x": -0.019941167344269473,
          "y": -0.0014163609421231071,
          "z": 0.02460680627841745
        }
      },
      "mixamorigLeftHandPinky4": {
        "rotation": {
          "x": -3.7128938173318843e-9,
          "y": -2.514434512232957e-7,
          "z": -4.0463788857457174e-7
        }
      },
      "mixamorigLeftHand_IKTarget": {
        "rotation": {
          "x": -0.00031453700318188654,
          "y": -1.4212271198847213,
          "z": -1.2998388707069974
        }
      },
      "mixamorigLeftForeArm_IKTarget": {
        "rotation": {
          "x": -0.00031480501771257184,
          "y": -1.4212271309789057,
          "z": -1.2998388707304254
        }
      },
      "mixamorigRightShoulder": {
        "rotation": {
          "x": 1.6681723367521493,
          "y": 0.2331602628366173,
          "z": 1.1069764917424219
        }
      },
      "mixamorigRightArm": {
        "rotation": {
          "x": 0.4794106656777815,
          "y": 0.0471126636409393,
          "z": -0.9736171496289145
        }
      },
      "mixamorigRightForeArm": {
        "rotation": {
          "x": 0.17695788404267723,
          "y": 0.509561508374754,
          "z": -0.5099653489649233
        }
      },
      "mixamorigRightHand": {
        "rotation": {
          "x": -0.14578498657644,
          "y": 0.5259679716796484,
          "z": 0.056627400405089165
        }
      },
      "mixamorigRightHandThumb1": {
        "rotation": {
          "x": 0.8699791539336328,
          "y": -0.6580615735078009,