{
  "bones": [
    {
      "mixamorigHips": {
        "rotation": {
          "x": -0.10293012851212972,
          "y": -0.023105067763168625,
          "z": -0.012979580386908001
        }
      },
      "mixamorigSpine": {
        "rotation": {
          "x": -0.10311059418053262,
          "y": -0.025412225290217614,
          "z": -0.004201062432088283
        }
      },
      "mixamorigSpine1": {
        "rotation": {
          "x": 0.08297643141463507,
          "y": -0.04605612706189875,
          "z": -0.013126146596393475
        }
      },
      "mixamorigSpine2": {
        "rotation": {
          "x": 0.08297640886799498,
          "y": -0.04605614196020637,
          "z": -0.013126150221809092
        }
      },
      "mixamorigNeck": {
        "rotation": {
          "x": 0.25818476700907717,
          "y": 0.05524602374351856,
          "z": -0.002392817583550472
        }
      },
      "mixamorigHead": {
        "rotation": {
          "x": 0.21899950488066255,
          "y": -0.00780877262038995,
          "z": 0.04521221288528758
        }
      },
      "mixamorigNoseOP": {
        "rotation": {
          "x": 2.4354801177978516,
          "y": -6.480655476308115e-18,
          "z": 7.407197218186836e-18
        }
      },
      "mixamorigNose1OP": {
        "rotation": {
          "x": -1.2996342081512646,
          "y": 0.9696755679136961,
          "z": -1.255222339995731
        }
      },
      "mixamorigLeftEyeOP": {
        "rotation": {
          "x": -0.11257246429662832,
          "y": -0.12848919323877253,
          "z": -1.6292727618692209
        }
      },
      "mixamorigLeftEarOP": {
        "rotation": {
          "x": -0.3513209649306728,
          "y": -0.019265257552766757,
          "z": 0.10844220392100064
        }
      },
      "mixamorigNose2OP": {
        "rotation": {
          "x": -1.4897822772540161,
          "y": -0.98479482134996,
          "z": 1.077372226560469
        }
      },
      "mixamorigRightEyeOP": {
        "rotation": {
          "x": -0.22377231844494128,
          "y": 0.06338628210985364,
          "z": 1.6289235450217836
        }
      },
      "mixamorigRightEarOP": {
        "rotation": {
          "x": -0.3660248311684309,
          "y": 0.03107758191606301,
          "z": -0.1445733098643087
        }
      },
      "mixamorigLeftShoulder": {
        "rotation": {
          "x": 1.7286757795951682,
          "y": -0.548459392004558,
          "z": -1.1421345558050822
        }
      },
      "mixamorigLeftArm": {
        "rotation": {
          "x": 0.7192270213557599,
          "y": 0.11333329891160104,
          "z": 0.3644812877648958
        }
      },
      "mixamorigLeftForeArm": {
        "rotation": {
          "x": 0.23659677518790811,
          "y": -0.4418593574865007,
          "z": 0.2896766465412792
        }
      },
      "mixamorigLeftHand": {
        "rotation": {
          "x": -0.09174498710008927,
          "y": 0.0059820419331358754,
          "z": -0.19744055606317665
        }
      },
      "mixamorigLeftHandThumb1": {
        "rotation": {
          "x": 1.2003249558450202,
          "y": 0.5991296386373764,
          "z": 0.4876166624825406
        }
      },
      "mixamorigLeftHandThumb2": {
        "rotation": {
          "x": -0.23265366478611868,
          "y": 0.09626877326848995,
          "z": -0.27446077354677967
        }
      },
      "mixamorigLeftHandThumb3": {
        "rotation": {
          "x": -0.4911192817961082,
          "y": 0.4002800897238849,
          "z": -0.8259830605903512
        }
      },
      "mixamorigLeftHandThumb4": {
        "rotation": {
          "x": 6.332992590063439e-8,
          "y": 4.097818549764346e-8,
          "z": -1.2293458244438877e-7
        }
      },
      "mixamorigLeftHandIndex1": {
        "rotation": {
          "x": 0.00021141049086172213,
          "y": 0.8028765734685054,
          "z": 0.46433943268550093
        }
      },
      "mixamorigLeftHandIndex2": {
        "rotation": {
          "x": 0.23937179237666523,
          "y": -0.05098468357164409,
          "z": 0.04003748756112641
        }
      },
      "mixamorigLeftHandIndex3": {
        "rotation": {
          "x": 0.8902573570864662,
          "y": 0.012571733494793269,
          "z": 0.4735093512462494
        }
      },
      "mixamorigLeftHandIndex4": {
        "rotation": {
          "x": 2.4829191971345083e-10,
          "y": 2.9797607939840528e-8,
          "z": 1.28758905685711e-8
        }
      },
      "mixamorigLeftHandMiddle1": {
        "rotation": {
          "x": 0.6326300705045229,
          "y": 0.013338527149185266,
          "z": -0.007657012470818923
        }
      },
      "mixamorigLeftHandMiddle2": {
        "rotation": {
          "x": 0.7325906381325807,
          "y": -0.022101035300540927,
          "z": -0.033340199415181605
        }
      },
      "mixamorigLeftHandMiddle3": {
        "rotation": {
          "x": 0.5231656364669679,
          "y": -0.010971864547456715,
          "z": -0.04146626206339755
        }
      },
      "mixamorigLeftHandMiddle4": {
        "rotation": {
          "x": -1.935597739882519e-8,
          "y": 2.9791581863229186e-7,
          "z": -2.042139569229507e-8
        }
      },
      "mixamorigLeftHandRing1": {
        "rotation": {
          "x": 0.6357734379144943,
          "y": 0.08498082231705958,
          "z": -0.05205846539857532
        }
      },
      "mixamorigLeftHandRing2": {
        "rotation": {
          "x": 0.6317447138067055,
          "y": -0.01432337319118089,
          "z": -0.047322005751536195
        }
      },
      "mixamorigLeftHandRing3": {
        "rotation": {
          "x": 0.5377637987900045,
          "y": -0.0110591615305987,
          "z": -0.039659320030538105
        }
      },
      "mixamorigLeftHandRing4": {
        "rotation": {
          "x": -2.4899619833785718e-8,
          "y": -4.76010655280768e-7,
          "z": 1.5577705041713402e-8
        }
      },
      "mixamorigLeftHandPinky1": {
        "rotation": {
          "x": 0.4874463272992171,
          "y": 0.3735123458152969,
          "z": -0.23965686157230204
        }
      },
      "mixamorigLeftHandPinky2": {
        "rotation": {
          "x": 0.8795880143297747,
          "y": -0.5343379404997983,
          "z": 0.3835139257769701
        }
      },
      "mixamorigLeftHandPinky3": {
        "rotation": {
          "x": 0.2780942682895457,
          "y": -0.18195652348274735,
          "z": -0.03913238981348195
        }
      },
      "mixamorigLeftHandPinky4": {
        "rotation": {
          "x": -1.564245967341897e-8,
          "y": -2.088625024117497e-7,
          "z": 4.716300208562189e-10
        }
      },
      "mixamorigLeftHand_IKTarget": {
        "rotation": {
          "x": 0.016368011639716323,
          "y": -1.4218038059220057,
          "z": -1.3286186703965044
        }
      },
      "mixamorigLeftForeArm_IKTarget": {
        "rotation": {
          "x": 0.016369890001573063,
          "y": -1.4218035729582696,
          "z": -1.328616641944329
        }
      },
      "mixamorigRightShoulder": {
        "rotation": {
          "x": 1.6893528689388617,
          "y": 0.40098095871188894,
          "z": 1.0198443457110715
        }
      },
      "mixamorigRightArm": {
        "rotation": {
          "x": 0.9584097909044316,
          "y": -0.22815794095395012,
          "z": -0.5100016404296084
        }
      },
      "mixamorigRightForeArm": {
        "rotation": {
          "x": 0.06395556965123862,
          "y": 0.38032981426333445,
          "z": -0.06622376326756015
        }
      },
      "mixamorigRightHand": {
        "rotation": {
          "x": -0.046943073857681976,
          "y": 0.22289531546735222,
          "z": 0.2353691193521555
        }
      },
      "mixamorigRightHandThumb1": {
        "rotation": {
          "x": 1.0684895907868779,
          "y": -0.4340731552499948,