{
  "bones": [
    {
      "mixamorigHips": {
        "rotation": {
          "x": -0.8641355918935646,
          "y": 1.506766508257902,
          "z": 0.9158719016216005
        }
      },
      "mixamorigSpine": {
        "rotation": {
          "x": -0.15507460672754733,
          "y": 0.032813614513819284,
          "z": 0.04318873036570539
        }
      },
      "mixamorigSpine1": {
        "rotation": {
          "x": 0.03202595293148857,
          "y": 0.009192795049117646,
          "z": -0.06161444986070348
        }
      },
      "mixamorigSpine2": {
        "rotation": {
          "x": 0.03228057419356504,
          "y": 0.009487827580717825,
          "z": -0.06144749992223817
        }
      },
      "mixamorigNeck": {
        "rotation": {
          "x": 0.09089372179308339,
          "y": -0.05313287042064531,
          "z": -0.00033189198983871404
        }
      },
      "mixamorigHead": {
        "rotation": {
          "x": 0.09895428967489835,
          "y": 0.07155396507177544,
          "z": 0.0019618441013939756
        }
      },
      "mixamorigHeadTop_End": {
        "rotation": {
          "x": 1.4144788474656773e-22,
          "y": 3.0332890776904253e-20,
          "z": 2.014750117816514e-19
        }
      },
      "mixamorigLeftShoulder": {
        "rotation": {
          "x": 1.7103122781553795,
          "y": -0.4294465973792265,
          "z": -1.364097965796428
        }
      },
      "mixamorigLeftArm": {
        "rotation": {
          "x": 0.9423140958538823,
          "y": -0.3484797480750015,
          "z": -0.44374971490563253
        }
      },
      "mixamorigLeftForeArm": {
        "rotation": {
          "x": -0.04846844262288904,
          "y": -0.020021123040836718,
          "z": 0.6511101962910701
        }
      },
      "mixamorigLeftHand": {
        "rotation": {
          "x": 0.08957770730366808,
          "y": 0.09004609692517365,
          "z": -0.1735460179016978
        }
      },
      "mixamorigLeftHandThumb1": {
        "rotation": {
          "x": 0.10378211252950151,
          "y": -0.009278095277272878,
          "z": 0.2720436403295006
        }
      },
      "mixamorigLeftHandThumb2": {
        "rotation": {
          "x": 0.08904374391526679,
          "y": -0.10127180768983912,
          "z": -0.2509848408444352
        }
      },
      "mixamorigLeftHandThumb3": {
        "rotation": {
          "x": 0.058701073430153246,
          "y": -0.032571967517359975,
          "z": -0.015092396541800524
        }
      },
      "mixamorigLeftHandThumb4": {
        "rotation": {
          "x": 1.6763815197101855e-8,
          "y": 2.756714240562121e-7,
          "z": -7.078051318665115e-8
        }
      },
      "mixamorigLeftHandIndex1": {
        "rotation": {
          "x": 0.24349672645459364,
          "y": 0.006049963809561779,
          "z": 0.11586807794251487
        }
      },
      "mixamorigLeftHandIndex2": {
        "rotation": {
          "x": 0.4716931444778596,
          "y": -0.016203132707603356,
          "z": -0.06732306770782293
        }
      },
      "mixamorigLeftHandIndex3": {
        "rotation": {
          "x": 0.3173739327302498,
          "y": -0.0073591661789691705,
          "z": -0.04638830963221051
        }
      },
      "mixamorigLeftHandIndex4": {
        "rotation": {
          "x": -1.3129141365021177e-9,
          "y": -2.0956547073284594e-7,
          "z": -1.6545812106888518e-8
        }
      },
      "mixamorigLeftHandMiddle1": {
        "rotation": {
          "x": 0.29437785072464984,
          "y": -0.004694931791369229,
          "z": 0.052714680481746455
        }
      },
      "mixamorigLeftHandMiddle2": {
        "rotation": {
          "x": 0.426809092325211,
          "y": -0.013730148820276495,
          "z": -0.06389691536906401
        }
      },
      "mixamorigLeftHandMiddle3": {
        "rotation": {
          "x": 0.38279374381709713,
          "y": -0.011722391275886332,
          "z": -0.05864494058684008
        }
      },
      "mixamorigLeftHandMiddle4": {
        "rotation": {
          "x": 4.703906597658067e-9,
          "y": 1.2363763842484936e-10,
          "z": -7.156586995503041e-10
        }
      },
      "mixamorigLeftHandRing1": {
        "rotation": {
          "x": 0.3056029625114811,
          "y": -0.0033912121365672486,
          "z": 0.005575650420407739
        }
      },
      "mixamorigLeftHandRing2": {
        "rotation": {
          "x": 0.602136304911039,
          "y": -0.028144542417767957,
          "z": -0.08967934913323675
        }
      },
      "mixamorigLeftHandRing3": {
        "rotation": {
          "x": 0.055296992444169725,
          "y": -0.00013485168945580255,
          "z": -0.011137961849613234
        }
      },
      "mixamorigLeftHandRing4": {
        "rotation": {
          "x": -3.5377413521018644e-8,
          "y": 2.6991477776100656e-7,
          "z": 2.1677242002384547e-8
        }
      },
      "mixamorigLeftHandPinky1": {
        "rotation": {
          "x": 0.2725374183506868,
          "y": -0.00009557712174664736,
          "z": -0.16563045809395185
        }
      },
      "mixamorigLeftHandPinky2": {
        "rotation": {
          "x": 0.6286821560079078,
          "y": 0.011943447616110024,
          "z": -0.03417003359935606
        }
      },
      "mixamorigLeftHandPinky3": {
        "rotation": {
          "x": 0.47131358791815764,
          "y": -0.017120404793445516,
          "z": -0.07153477413324331
        }
      },
      "mixamorigLeftHandPinky4": {
        "rotation": {
          "x": 3.1431006915500074e-9,
          "y": -2.980345925464333e-7,
          "z": 4.547104519305368e-9
        }
      },
      "mixamorigRightShoulder": {
        "rotation": {
          "x": 1.682954199082541,
          "y": 0.42252621369335136,
          "z": 1.3490150759543589
        }
      },
      "mixamorigRightArm": {
        "rotation": {
          "x": 1.4489114902055737,
          "y": -0.5104671884753952,
          "z": 1.0971109831522936
        }
      },
      "mixamorigRightForeArm": {
        "rotation": {
          "x": -0.0665600773929845,
          "y": 0.05409343270980406,
          "z": -1.309327085939337
        }
      },
      "mixamorigRightHand": {
        "rotation": {
          "x": -0.8746860696006566,
          "y": 0.08362500034885254,
          "z": -0.9009315891901561
        }
      },
      "mixamorigRightHandThumb1": {
        "rotation": {
          "x": 0.5637203173439103,
          "y": -0.23197823929463288,
          "z": -0.609959490571349
        }
      },
      "mixamorigRightHandThumb2": {
        "rotation": {
          "x": 0.012270807035457288,
          "y": 0.0025197438364710396,
          "z": -0.02085799520275719
        }
      },
      "mixamorigRightHandThumb3": {
        "rotation": {
          "x": -0.07454365245744815,
          "y": -0.038297766021205805,
          "z": -0.46101618950653406
        }
      },
      "mixamorigRightHandThumb4": {
        "rotation": {
          "x": 6.332992590063439e-8,
          "y": -4.097818549764346e-8,
          "z": 1.2293458244438877e-7
        }
      },
      "mixamorigRightHandIndex1": {
        "rotation": {
          "x": -0.6869350995129099,
          "y": 0.03056810362248882,
          "z": -0.21877789837505496
        }
      },
      "mixamorigRightHandIndex2": {
        "rotation": {
          "x": 0.28039801237554307,
          "y": 0.0044821217756431785,
          "z": 0.0315802324969981
        }
      },
      "mixamorigRightHandIndex3": {
        "rotation": {
          "x": 0.26382075382247255,
          "y": 0.004351444556512997,
          "z": 0.031270925325086234
        }
      },
      "mixamorigRightHandIndex4": {
        "rotation": {
          "x": 2.4829191971345083e-10,
          "y": -2.9797607939840528e-8,
          "z": -1.28758905685711e-8
        }
      },