{
  "bones": [
    {
      "mixamorigHips": {
        "rotation": {
          "x": -0.4106409815610868,
          "y": -1.318707925766136,
          "z": -0.31230234277146307
        }
      },
      "mixamorigSpine": {
        "rotation": {
          "x": -0.043946700438454826,
          "y": 0.05351226936633978,
          "z": -0.03865755557563141
        }
      },
      "mixamorigSpine1": {
        "rotation": {
          "x": 0.09020357957215665,
          "y": 0.08371321235215308,
          "z": 0.020669780206453128
        }
      },
      "mixamorigSpine2": {
        "rotation": {
          "x": 0.09113740129956967,
          "y": 0.08270133027405599,
          "z": 0.02064848178433201
        }
      },
      "mixamorigNeck": {
        "rotation": {
          "x": 0.21653996465128367,
          "y": 0.11411121047428154,
          "z": -0.1322831047233274
        }
      },
      "mixamorigHead": {
        "rotation": {
          "x": -0.12916493763550901,
          "y": 0.6745414689087785,
          "z": -0.08208401124217861
        }
      },
      "mixamorigLeftShoulder": {
        "rotation": {
          "x": 1.5951233739093864,
          "y": -0.4459480308205651,
          "z": -1.5692927355142958
        }
      },
      "mixamorigLeftArm": {
        "rotation": {
          "x": 0.29522248240464566,
          "y": -0.3178077940362268,
          "z": -0.0058329827018558595
        }
      },
      "mixamorigLeftForeArm": {
        "rotation": {
          "x": -0.0796775776925734,
          "y": -0.09110228219253,
          "z": 1.6639537284967314
        }
      },
      "mixamorigLeftHand": {
        "rotation": {
          "x": 0.09867854030334838,
          "y": -0.533127238941615,
          "z": -0.19874932249689234
        }
      },
      "mixamorigLeftHandIndex1": {
        "rotation": {
          "x": 1.585102257565029,
          "y": -0.07983387503367437,
          "z": -0.14150029370044587
        }
      },
      "mixamorigLeftHandIndex2": {
        "rotation": {
          "x": 1.6177046831165356,
          "y": -0.15518888910985723,
          "z": -0.14787152329092848
        }
      },
      "mixamorigLeftHandIndex3": {
        "rotation": {
          "x": 0.8096789423112107,
          "y": -0.04586592501030351,
          "z": -0.10732874559029633
        }
      },
      "mixamorigLeftHandPinky1": {
        "rotation": {
          "x": 1.5724407930575153,
          "y": -0.08729544318583368,
          "z": -0.21313692646689425
        }
      },
      "mixamorigLeftHandPinky2": {
        "rotation": {
          "x": 1.6256683845030269,
          "y": -0.09469805938904526,
          "z": -0.16142778208121197
        }
      },
      "mixamorigLeftHandPinky3": {
        "rotation": {
          "x": 0.8082892183440621,
          "y": -0.04871362853898132,
          "z": -0.1140681029096543
        }
      },
      "mixamorigLeftHandMiddle1": {
        "rotation": {
          "x": 1.5831439478674711,
          "y": -0.09153406254196077,
          "z": -0.14366965806744963
        }
      },
      "mixamorigLeftHandMiddle2": {
        "rotation": {
          "x": 1.614171552455916,
          "y": -0.16561493466205146,
          "z": -0.15963491747704697
        }
      },
      "mixamorigLeftHandMiddle3": {
        "rotation": {
          "x": 0.807911833249382,
          "y": -0.04989445315283766,
          "z": -0.11453556564265978
        }
      },
      "mixamorigLeftHandRing1": {
        "rotation": {
          "x": 1.5835675989025688,
          "y": -0.09054383494903569,
          "z": -0.1413776715525547
        }
      },
      "mixamorigLeftHandRing2": {
        "rotation": {
          "x": 1.6142896993477411,
          "y": -0.16657033300425578,
          "z": -0.1583773809604394
        }
      },
      "mixamorigLeftHandRing3": {
        "rotation": {
          "x": 0.8081074531995425,
          "y": -0.049503504170749134,
          "z": -0.11699391795719943
        }
      },
      "mixamorigLeftHandThumb1": {
        "rotation": {
          "x": 0.7303247565263898,
          "y": 0.15413734533535042,
          "z": 0.015485853928706253
        }
      },
      "mixamorigLeftHandThumb2": {
        "rotation": {
          "x": 0.11988650829019962,
          "y": 0.24644404457884747,
          "z": -0.8484716241501444
        }
      },
      "mixamorigLeftHandThumb3": {
        "rotation": {
          "x": 0.003959130746874427,
          "y": 0.032942341955315944,
          "z": -0.3002188023904308
        }
      },
      "mixamorigRightShoulder": {
        "rotation": {
          "x": 1.6264467405117649,
          "y": 0.4357098647605423,
          "z": 1.5532737271545083
        }
      },
      "mixamorigRightArm": {
        "rotation": {
          "x": 0.4582140198917573,
          "y": -0.0007556620578718959,
          "z": -1.1651701009002755
        }
      },
      "mixamorigRightForeArm": {
        "rotation": {
          "x": 0.24570219346125885,
          "y": 0.7663004380218646,
          "z": -2.0476178538186796
        }
      },
      "mixamorigRightHand": {
        "rotation": {
          "x": -0.05890696841450831,
          "y": -0.003785102616600257,
          "z": -0.03704550047616683
        }
      },
      "mixamorigRightHandIndex1": {
        "rotation": {
          "x": 1.575284149329453,
          "y": -0.12497927604546569,
          "z": 0.15050232803198343
        }
      },
      "mixamorigRightHandIndex2": {
        "rotation": {
          "x": 1.4345842598215368,
          "y": 0.1038259141636322,
          "z": 0.11958410323528483
        }
      },
      "mixamorigRightHandIndex3": {
        "rotation": {
          "x": 0.7180345159375527,
          "y": 0.03042457788518143,
          "z": 0.07941988685631989
        }
      },
      "mixamorigRightHandPinky1": {
        "rotation": {
          "x": 1.763480796254671,
          "y": 0.26755236955182954,
          "z": -0.01797851143766283
        }
      },
      "mixamorigRightHandPinky2": {
        "rotation": {
          "x": 1.4341786501819582,
          "y": -0.13815965265025798,
          "z": -0.017203206669990923
        }
      },
      "mixamorigRightHandPinky3": {
        "rotation": {
          "x": 0.6266204741276832,
          "y": -0.4178741428715898,
          "z": -0.12128380303836316
        }
      },
      "mixamorigRightHandMiddle1": {
        "rotation": {
          "x": 1.571260879120822,
          "y": 0.05027577816314829,
          "z": 0.11809833089208442
        }
      },
      "mixamorigRightHandMiddle2": {
        "rotation": {
          "x": 1.5686816823646739,
          "y": 0.12604982163727324,
          "z": 0.10905061570647943
        }
      },
      "mixamorigRightHandMiddle3": {
        "rotation": {
          "x": 0.7177128379364446,
          "y": 0.030618789696733064,
          "z": 0.08398640831475766
        }
      },
      "mixamorigRightHandRing1": {
        "rotation": {
          "x": 1.6317867517400724,
          "y": 0.08561911411371524,
          "z": 0.10387399242952736
        }
      },
      "mixamorigRightHandRing2": {
        "rotation": {
          "x": 1.4427878070974414,
          "y": 0.08764075252089507,
          "z": -0.0063783796842612536
        }
      },
      "mixamorigRightHandRing3": {
        "rotation": {
          "x": 0.726815341377741,
          "y": -0.3565231353523865,
          "z": 0.006704709309952237
        }
      },
      "mixamorigRightHandThumb1": {
        "rotation": {
          "x": 0.10754360559875024,
          "y": -0.5943215581629648,
          "z": -0.77468934234787
        }
      },
      "mixamorigRightHandThumb2": {
        "rotation": {
          "x": 0.1267841360575062,
          "y": -0.10979132885364642,
          "z": -0.0461679644521851
        }
      },
      "mixamorigRightHandThumb3": {
        "rotation": {
          "x": 0.07211685252354426,
          "y": 0.014352979391063309,